Australia,Canada,China (Mainland),Hong Kong SAR,Singapore,United Kingdom,United States
The University of Melbourne,McGill University,Peking University,The University of Hong Kong,National University of Singapore (NUS),Imperial College London,Massachusetts Institute of Technology (MIT)
The University of New South Wales,University of Toronto,Tsinghua University,The Chinese University of Hong Kong,"Nanyang Technological University, Singapore (NTU Singapore)",University of Oxford,Stanford University
The University of Sydney,University of British Columbia,Fudan University,The Hong Kong University of Science and Technology,Singapore Management University,University of Cambridge,Harvard University
Australian National University,University of Alberta,Shanghai Jiao Tong University,The Hong Kong Polytechnic University,Singapore University of Technology and Design,UCL (University College London),California Institute of Technology (Caltech)
Monash University,University of Waterloo,Zhejiang University,City University of Hong Kong,NUS Business School - National University of Singapore (NUS),King's College London (KCL),University of Chicago
The University of Queensland,Western University,Nanjing University,Hong Kong Baptist University,"Nanyang Business School, Singapore",University of Edinburgh,University of Pennsylvania
The University of Western Australia,University of Montreal,University of Science and Technology of China,The Education University of Hong Kong,SMU (Lee Kong Chian),The University of Manchester,Cornell University
Adelaide University,McMaster University,Tongji University,Lingnan University Hong Kong,SMU (School of Computing and Information Systems),University of Bristol,"University of California, Berkeley (UCB)"
University of Technology Sydney,"Queen's University, Ontario",Wuhan University,Hong Kong Metropolitan University,"Nanyang Technological University, Singapore (NTU)",London School of Economics and Political Science (LSE),Yale University
RMIT University,University of Calgary,Beijing Normal University,,Lasalle College of the Arts,The University of Warwick,Johns Hopkins University
Macquarie University,University of Ottawa,Harbin Institute of Technology,,Asia Pacific Management Institute,University of Birmingham,Princeton University
Curtin University,Dalhousie University,Tianjin University,,,University of Glasgow,Columbia University
University of Wollongong,Simon Fraser University,Beijing Institute of Technology,,,University of Leeds,Northwestern University
Deakin University,York University,Sun Yat-sen University,,,University of Southampton,University of Michigan-Ann Arbor
Queensland University of Technology,University of Victoria,Xi'an Jiaotong University,,,The University of Sheffield,"University of California, Los Angeles (UCLA)"
The University of Newcastle,University of Saskatchewan,Huazhong University of Science and Technology,,,Durham University,Carnegie Mellon University
La Trobe University,Concordia University,Sichuan University,,,The University of Nottingham,New York University (NYU)
Griffith University,Laval University,Shandong University,,,Queen Mary University of London (QMUL),Duke University
Swinburne University of Technology,University of Guelph,Xiamen University,,,University of St Andrews,"University of California, San Diego (UCSD)"
University of Tasmania,University of Windsor,Southern University of Science and Technology (SUSTech),,,University of Bath,University of Texas at Austin
Flinders University,University of New Brunswick,Nankai University,,,Newcastle University,Brown University
Western Sydney University,University of Manitoba,University of Chinese Academy of Sciences (UCAS),,,University of Liverpool,University of Illinois at Urbana-Champaign
University of Southern Queensland,Memorial University of Newfoundland,South China University of Technology,,,University of Exeter,University of Washington
Murdoch University,Toronto Metropolitan University (formerly Ryerson University),Beihang University (former BUAA),,,Lancaster University,Pennsylvania State University
James Cook University,Carleton University,"Southeast University, China",,,University of York,Boston University
Edith Cowan University,Universit� du Qu�bec,East China Normal University,,,Cardiff University,Purdue University
University of Canberra,Universit� de Sherbrooke,Shenzhen University,,,University of Reading,University of Wisconsin-Madison
Central Queensland University Australia (CQUniversity),University of Regina,Shanghai University,,,Queen's University Belfast,"University of California, Davis"
Charles Darwin University,Brock University,Jilin University,,,Loughborough University,Rice University
Bond University,Toronto (Rotman),University of Science and Technology Beijing,,,University of Strathclyde,Georgia Institute of Technology
Southern Cross University,McGill (Desautels),Dalian University of Technology,,,University of Aberdeen,"University of North Carolina, Chapel Hill"
Victoria University,Western (Ivey),Central South University,,,University of Surrey,Texas A&M University
Australian Catholic University,Queen's (Smith),Northwestern Polytechnical University,,,University of Sussex,University of Southern California
Charles Sturt University,Alberta School of Business,China Agricultural University,,,Heriot-Watt University,Michigan State University
University of New England,Concordia (John Molson),Chongqing University,,,Swansea University,Washington University in St. Louis
"The University of Notre Dame, Australia",York (Schulich),Hunan University,,,"City St George's, University of London",Arizona State University
Melbourne Business School,British Columbia (Sauder),University of Electronic Science and Technology of China,,,University of Leicester,"University of California, Santa Barbara (UCSB)"
UNSW (AGSM),HEC Montr�al,Jinan University (China),,,Oxford Brookes University,Emory University
University of Sydney Business School,McMaster (DeGroote),Renmin (People's) University of China,,,University of East Anglia (UEA),Ohio State University
UQ Business School,Dalhousie (Rowe),Zhengzhou University,,,Brunel University of London,"University of Maryland, College Park"
"Macquarie Business School, Macquarie University",Haskayne School of Business,China University of Mining and Technology,,,"Birkbeck College, University of London",University of Minnesota (System)
University of Western Australia Business School,Ottawa (Telfer),East China University of Science and Technology,,,Aston University,University of Florida
University of Technology Sydney Business School,Simon Fraser (Beedie),Nanjing University of Aeronautics and Astronautics,,,University of Kent,University of Rochester
Wollongong (Sydney),Brock (Goodman),China University of Petroleum,,,University of Dundee,Dartmouth College
RMIT University School of Business and Law,Carleton (Sprott),Beijing University of Chemical Technology,,,University of Essex,"University of Massachusetts, Amherst"
UniSA Business School,Manitoba (Asper),Nanjing University of Science and Technology,,,Royal Holloway University of London,Vanderbilt University
Deakin Business School,Saint Mary's (Sobey),Beijing University of Technology,,,SOAS University of London,North Carolina State University
La Trobe Business School,Saskatchewan (Edwards),Lanzhou University,,,University of Bradford,University of Virginia
Curtin Business School,TMU (Ted Rogers),Donghua University,,,University of Stirling,University of Pittsburgh
Griffith Business School,Victoria (Gustavson),Northwest Agriculture and Forestry University,,,University of Huddersfield,Georgetown University
The University of New South Wales (UNSW Sydney),Wilfrid Laurier (Lazaridis),Ocean University of China,,,University of Hull,University of Arizona
The University of Adelaide,Queen's University at Kingston,Soochow University,,,Northumbria University at Newcastle,"University of California, Irvine"
The Australian National University,Universit� de Montr�al,Beijing Jiaotong University,,,Coventry University,Case Western Reserve University
Blue Mountains IRN Hotel Management School�(BMIHMS),Emily Carr University of Art and Design,China University of Geosciences,,,Bangor University,University of Notre Dame
"The University of Newcastle, Australia (UON)",University of Victoria (UVic),Jiangnan University,,,Nottingham Trent University,University of Colorado Boulder
Queensland University of Technology (QUT),Universit� Laval,Huazhong Agricultural University,,,University of Ulster,Indiana University Bloomington
University of South Australia,Toronto Metropolitan University,Nanjing Agricultural University,,,University of Plymouth,University of Miami
University of New England Australia,OCAD University,Nanjing Normal University,,,University of Portsmouth,Rutgers University � New Brunswick
"National Institute of Dramatic Art (NIDA), Sydney",Lakehead University,Wuhan University of Technology,,,Manchester Metropolitan University,Tufts University
Central Queensland University (CQUniversity Australia),University of Prince Edward Island,Beijing University of Posts and Telecommunications,,,"Kingston University, London",University of Illinois Chicago (UIC)
,Wilfrid Laurier University,Harbin Engineering University,,,"Goldsmiths, University of London",S
,SAIT Polytechnic - School of Hospitality and Tourism,Hohai University,,,UWE Bristol (University of the West of England),Virginia Polytechnic Institute (Virginia Tech)
,,Northwest University (China),,,Aberystwyth University,Northeastern University
,,Southwest University,,,Bournemouth University,University at Buffalo SUNY
,,Xi'an Jiaotong-Liverpool University,,,De Montfort University,Washington State University
,,Beijing Foreign Studies University,,,Keele University,"University of California, Riverside"
,,Beijing University of Chinese Medicine,,,Middlesex University,Iowa State University
,,China University of Political Science and Law,,,University of Brighton,Stony Brook University
,,Shanghai International Studies University,,,University of Greenwich,Colorado State University
,,Shanghai University of Finance and Economics,,,University of Lincoln,"University of California, Santa Cruz"
,,University of International Business and Economics,,,University of Westminster,University of Kansas
,,Shanghai Normal University,,,Edinburgh Napier University,The University of Georgia
,,,,,Liverpool John Moores University,Boston College
,,,,,London South Bank University,University of Iowa
,,,,,University of Hertfordshire,University of Connecticut
,,,,,University of Salford,University of Utah
,,,,,The Robert Gordon University,University of Hawaii at Ma�oa
,,,,,Birmingham City University,Florida State University
,,,,,Glasgow Caledonian University,University of Delaware
,,,,,Leeds Beckett University,University of Houston
,,,,,London Metropolitan University,Colorado School of Mines
,,,,,Sheffield Hallam University,Florida International University
,,,,,University of Central Lancashire,American University
,,,,,University of East London,Illinois Institute of Technology
,,,,,University of Wolverhampton,Tulane University
,,,,,Canterbury Christ Church University,University of Texas at Dallas
,,,,,"Queen Margaret University , Edinburgh",University of Tennessee
,,,,,The University of Northampton,City University of New York
,,,,,University of Derby,Oregon State University
,,,,,Harper Adams University,Yeshiva University
,,,,,London Business School,Missouri University of Science and Technology
,,,,,Oxford (Said),University of South Carolina
,,,,,Cambridge (Judge),University of South Florida
,,,,,Manchester (Alliance),University of Oklahoma
,,,,,Imperial College Business School,Lehigh University
,,,,,Warwick Business School,Stevens Institute of Technology
,,,,,London School of Economics,Rensselaer Polytechnic Institute
,,,,,Cranfield School of Management,"University of Missouri, Columbia"
,,,,,Lancaster University Management School,University of Central Florida
,,,,,University of Edinburgh Business School,Drexel University
,,,,,Newcastle University Business School,University of Nebraska - Lincoln
,,,,,Leeds University Business School,Temple University
,,,,,Bayes Business School,University of Cincinnati
,,,,,Durham University Business School,Texas Tech University
,,,,,Bath School of Management,Brandeis University
,,,,,Nottingham University Business School,Syracuse University
,,,,,Aston Business School,University of New Mexico
,,,,,Birmingham Business School,University of Oregon
,,,,,Henley Business School,New Jersey Institute of Technology (NJIT)
,,,,,Sheffield University Management School,Rutgers University - Newark
,,,,,Strathclyde Business School,Georgia State University
,,,,,Oxford Brookes Business School,University of Kentucky
,,,,,Southampton Business School,Wayne State University
,,,,,Brunel Business School,Wake Forest University
,,,,,Glasgow (Adam Smith),"The New School, New York City and Paris"
,,,,,Kent Business School,"University of Maryland, Baltimore"
,,,,,Liverpool Management School,"University of Maryland, Baltimore County"
,,,,,The University of Sussex Business School,Auburn University
,,,,,Edinburgh Napier University (The Business School),Louisiana State University
,,,,,Exeter Business School,Oklahoma State University
,,,,,Loughborough School of Business and Economics,"University of Colorado, Denver"
,,,,,Queen's University of Belfast,Worcester Polytechnic Institute
,,,,,Manchester Metropolitan University Business School,Kansas State University
,,,,,Queen's Business School,Michigan Technological University
,,,,,"Royal Veterinary College, University of London",University at Albany SUNY
,,,,,King's College London,University of Alabama
,,,,,Royal College of Art,University of Alaska Fairbanks
,,,,,Royal College of Music,University of North Texas
,,,,,UCL Institute of Education | University College London,Virginia Commonwealth University
,,,,,The Bartlett School of Architecture | UCL,Clarkson University
,,,,,University of the Arts London,Clemson University
,,,,,Royal Academy of Music,George Mason University
,,,,,The London School of Economics and Political Science (LSE),Rochester Institute of Technology (RIT)
,,,,,UCL,Saint Louis University
,,,,,Guildhall School of Music and Drama,University of Massachusetts - Boston
,,,,,The Courtauld Institute of Art,Baylor University
,,,,,The University of Edinburgh,Binghamton University SUNY
,,,,,Royal Northern College of Music (RNCM),Brigham Young University
,,,,,Manchester School of Architecture,Clark University
,,,,,Royal Conservatoire of Scotland (Formerly Royal Scottish Academy of Music and Drama),Florida Atlantic University - Boca Raton
,,,,,Trinity Laban Conservatoire of Music and Dance,Fordham University
,,,,,University of Nottingham,Howard University
,,,,,Glasgow School of Art (GSA),IU Indianapolis
,,,,,Queen Mary University of London,Kent State University
,,,,,Camborne School of Mines | University of Exeter,Loyola University Chicago
,,,,,London School of Hygiene & Tropical Medicine,Mississippi State University
,,,,,The University of Exeter,Northern Arizona University
,,,,,"City, University of London",Ohio University
,,,,,Manchester Metropolitan University (MMU),San Diego State University
,,,,,"Birkbeck, University of London",Southern Methodist University
,,,,,"Essex, University of",The City College of New York
,,,,,The Open University,"University of Alabama, Birmingham"
,,,,,University for the Creative Arts,University of Arkansas Fayetteville
,,,,,Falmouth College of Arts University College Falmouth,University of Denver
,,,,,Brunel University London,University of Idaho
,,,,,Architectural Association School of Architecture,University of Louisville
,,,,,Central School of Speech & Drama,University of Mississippi
,,,,,Cranfield University,"University of Missouri, Kansas City"
,,,,,University of the West of England,University of Nevada - Reno
,,,,,Ulster University,University of New Hampshire
,,,,,Robert Gordon University,University of North Carolina at Charlotte
,,,,,"St. George's, University of London",University of Rhode Island
,,,,,Scottish Agricultural College (SAC),University of Texas Arlington
,,,,,Anglia Ruskin University,University of Texas at San Antonio
,,,,,,University of Toledo
,,,,,,University of Tulsa
,,,,,,University of Vermont
,,,,,,University of Wyoming
,,,,,,Utah State University
,,,,,,West Virginia University
,,,,,,William & Mary
,,,,,,California Polytechnic State University
,,,,,,Marquette University
,,,,,,Miami University
,,,,,,New Mexico State University
,,,,,,Portland State University
,,,,,,Pratt Institute
,,,,,,Seattle University
,,,,,,University of Memphis
,,,,,,University of North Carolina at Greensboro
,,,,,,University of San Diego
,,,,,,University of San Francisco
,,,,,,University of South Alabama (USA)
,,,,,,University of Texas El Paso
,,,,,,University of Wisconsin Milwaukee
,,,,,,Western Michigan University
,,,,,,Central Michigan University
,,,,,,Cleveland State University
,,,,,,San Francisco State University
,,,,,,University of Hawaii at Hilo
,,,,,,University of Missouri Saint Louis
,,,,,,University of the Pacific
,,,,,,Stanford Graduate School of Business
,,,,,,Michigan (Ross)
,,,,,,MIT (Sloan)
,,,,,,Penn (Wharton)
,,,,,,UCLA (Anderson)
,,,,,,Harvard Business School
,,,,,,USC (Marshall)
,,,,,,Columbia Business School
,,,,,,Northwestern (Kellogg)
,,,,,,UC Berkeley (Haas)
,,,,,,Yale School of Management
,,,,,,Duke (Fuqua)
,,,,,,Chicago (Booth)
,,,,,,Washington (Foster)
,,,,,,NYU (Stern)
,,,,,,Carnegie Mellon (Tepper)
,,,,,,Texas (McCombs)
,,,,,,Cornell (Johnson)
,,,,,,Mitch Daniels School of Business (Purdue)
,,,,,,Boston (Questrom)
,,,,,,Minnesota (Carlson)
,,,,,,Indiana (Kelley)
,,,,,,Wisconsin School of Business
,,,,,,Georgia Tech (Scheller)
,,,,,,Georgetown (McDonough)
,,,,,,Dartmouth (Tuck)
,,,,,,Emory (Goizueta)
,,,,,,Florida (Warrington)
,,,,,,Babson College (Olin)
,,,,,,Virginia (Darden)
,,,,,,Arizona State (Carey)
,,,,,,Texas A&M (Mays)
,,,,,,Maryland (Smith)
,,,,,,Michigan State (Eli Broad)
,,,,,,Northeastern (D'AmoreMcKim)
,,,,,,John Hopkins (Carey)
,,,,,,Penn State (Smeal)
,,,,,,UT Dallas (Naveen)
,,,,,,Colorado Boulder (Leeds)
,,,,,,Georgia (Terry)
,,,,,,Rice (Jones)
,,,,,,North Carolina (Kenan-Flagler)
,,,,,,UC San Diego (Rady)
,,,,,,Rochester (Simon)
,,,,,,UC Davis
,,,,,,Florida International University College of Business
,,,,,,Ohio State (Fisher)
,,,,,,Pace University (Lubin)
,,,,,,George Washington
,,,,,,Vanderbilt (Owen)
,,,,,,San Diego (Knauss)
,,,,,,Alabama (Manderson)
,,,,,,Rensselaer Polytechnic (Lally)
,,,,,,Miami (Herbert)
,,,,,,Illinois (Gies)
,,,,,,Washington (Olin)
,,,,,,American (Kogod)
,,,,,,Boston College (Carroll)
,,,,,,Notre Dame (Mendoza)
,,,,,,North Carolina State (Jenkins)
,,,,,,Arizona (Eller)
,,,,,,Pittsburgh (Katz)
,,,,,,Rutgers Business School
,,,,,,UC Irvine (Merage)
,,,,,,Auburn (Harbert)
,,,,,,Baylor (Hankamer)
,,,,,,Brigham Young (Marriott)
,,,,,,Colorado State University - College of Business
,,,,,,Fordham (Gabelli)
,,,,,,Missouri (Trulaske)
,,,,,,Oregon (Lundquist)
,,,,,,San Francisco (Masagung)
,,,,,,SMU (Cox)
,,,,,,Tampa (Sykes)
,,,,,,University at Buffalo
,,,,,,Brandeis International Business School
,,,,,,Case Western (Weatherhead)
,,,,,,Cincinnati (Lindner)
,,,,,,Connecticut (UCONN)
,,,,,,Denver (Daniels)
,,,,,,Fox School of Business
,,,,,,Houston (Bauer)
,,,,,,Pepperdine (Graziadio)
,,,,,,South Carolina (Moore)
,,,,,,Syracuse (Whitman)
,,,,,,Texas Christian (Neely)
,,,,,,University of California (Riverside)
,,,,,,Utah (Eccles)
,,,,,,Willamette (Atkinson)
,,,,,,Albers (Seattle)
,,,,,,Arkansas (Walton)
,,,,,,Baruch College (Zicklin)
,,,,,,Bentley (McCallum)
,,,,,,California State Long Beach
,,,,,,Chapman (Argyros)
,,,,,,Claremont (Drucker)
,,,,,,Clark University School of Business
,,,,,,Clemson University (Powers)
,,,,,,Dominican University (Brennan)
,,,,,,Drexel (LeBow)
,,,,,,Fairfield (Dolan)
,,,,,,Hofstra (Zarb)
,,,,,,Iowa State University (Ivy)
,,,,,,Kent State University (Crawford)
,,,,,,Kentucky (Gatton)
,,,,,,Louisiana State University - Baton Rouge (Ourso)
,,,,,,"North Carolina, Greensboro (Bryan)"
,,,,,,Oregon State
,,,,,,RIT (Saunders)
,,,,,,Rowan University
,,,,,,Saint Louis University (Chaifetz)
,,,,,,South Dakota (Beacom)
,,,,,,Suffolk (Sawyer)
,,,,,,Texas Tech (Rawls)
,,,,,,University at Albany
,,,,,,University of Massachusetts (Dartmouth)
,,,,,,University of South Florida (Muma)
,,,,,,"University of Tennessee, Knoxville � Haslam College of Business"
,,,,,,William & Mary (Mason)
,,,,,,Worcester Polytechnic Institute (Foisie)
,,,,,,Thunderbird School of Global Management at ASU
,,,,,,Georgia State (Robinson)
,,,,,,The University of Texas at Arlington
,,,,,,University of Illinois at Chicago (UIC)
,,,,,,IIT Stuart School of Business
,,,,,,Iowa (Tippie)
,,,,,,Loyola University of Chicago (Quinlan)
,,,,,,Tulsa (Collins)
,,,,,,UMass Boston
,,,,,,West Texas A&M University
,,,,,,The State University of New Jersey
,,,,,,Cal Poly (Orfalea)
,,,,,,Hult International Business School
,,,,,,Oklahoma (Price)
,,,,,,University of Louisville
,,,,,,Parsons School of Design at The New School
,,,,,,Rutgers University�New Brunswick
,,,,,,Rhode Island School of Design (RISD)
,,,,,,University of Nevada - Las Vegas
,,,,,,The New School
,,,,,,"University of California, San Francisco (UCSF)"
,,,,,,Juilliard School
,,,,,,Curtis Institute of Music
,,,,,,School of the Art Institute of Chicago (SAIC)
,,,,,,Savannah College of Art and Design
,,,,,,The Ohio State University
,,,,,,University of Massachusetts Amherst
,,,,,,Cornell University | School of Hotel Administration
,,,,,,The University of Arizona
,,,,,,School of Visual Arts (SVA)
,,,,,,University of Minnesota Twin Cities
,,,,,,California Institute of the Arts
,,,,,,"The University of Tennessee, Knoxville"
,,,,,,The University of Texas Southwestern Medical Center at Dallas
,,,,,,The University of Texas M. D. Anderson Cancer Center
,,,,,,Virginia Polytechnic Institute and State University
,,,,,,The Scripps Research Institute (TSRI)
,,,,,,Oregon Health & Science University (OHSU)
,,,,,,University of Hawai?i at M?noa
,,,,,,"Stony Brook University, State University of New York"
,,,,,,Art Center College of Design
,,,,,,California College of the Arts
,,,,,,Cranbrook Academy of Art
,,,,,,Maryland Institute College of Art
,,,,,,Otis College of Art and Design
,,,,,,"Fashion Institute of Technology (FIT), SUNY"
,,,,,,Amherst College
,,,,,,Williams College
,,,,,,Purchase College SUNY
,,,,,,Rutgers University�Newark
,,,,,,Catholic University
,,,,,,CUNY The City College of New York
,,,,,,Santa Clara University
,,,,,,University of Texas Dallas
,,,,,,College of William and Mary
,,,,,,The University of Alabama
,,,,,,University of Massachusetts Boston
,,,,,,University of Akron
,,,,,,New Mexico Institute of Mining and Technology
,,,,,,Baylor College of Medicine
,,,,,,Icahn School of Medicine at Mount Sinai
,,,,,,The University of Texas Health Science Center at Houston
,,,,,,Rockefeller University
,,,,,,Mayo Medical School
,,,,,,University of Massachusetts Medical School - Worcester
,,,,,,Medical College of Wisconsin
,,,,,,Indiana University�Purdue University Indianapolis
,,,,,,Thomas Jefferson University
,,,,,,St. Louis University
,,,,,,University of Maine
,,,,,,Montana State University - Bozeman
,,,,,,SUNY - College of Environemntal Science and Forestry
,,,,,,Rush University
,,,,,,Hofstra University
,,,,,,East Carolina University
,,,,,,CUNY Bernard M Baruch College
,,,,,,DePaul University
,,,,,,Pennsylvania State University | School of Hospitality Management
,,,,,,Boston University | School of Hospitality Administration
,,,,,,Johnson & Wales University
,,,,,,Georgia State University | Cecil B. Day School of Hospitality Administration
,,,,,,Simmons University
